Brand,Name,MRP,Discounted Price,Discount %,Product URL
N/A,Pack of 16 Stainless Steel Cutleries,Rs.999,Rs.929,7% off,https://www.ajio.com/viners-pack-of-16-stainless-steel-cutleries/p/701290751_silver
N/A,Senator Waffle Maker for Crispy,Rs.995,Rs.599,40% off,https://www.ajio.com/bergner-senator-waffle-maker-for-crispy/p/702542945_black
N/A,Light-Weight Cast Iron Dosa Tawa,"Rs.2,320","Rs.1,499",35% off,https://www.ajio.com/wonderchef-light-weight-cast-iron-dosa-tawa/p/702598933_black
N/A,Stainless Steel Knife Sharpener,Rs.995,Rs.879,12% off,https://www.ajio.com/bergner-stainless-steel-knife-sharpener/p/466033349_black
N/A,Pack of 6 Stainless Steel Knives ,"Rs.2,699","Rs.2,510",7% off,https://www.ajio.com/viners-pack-of-6-stainless-steel-knives-/p/701290722_silver
N/A,Duralife Aluminium Die-cast Grill Pan 1.5 L,"Rs.1,860","Rs.1,249",33% off,https://www.ajio.com/wonderchef-duralife-aluminium-die-cast-grill-pan-1-5-l/p/467232522_cream
N/A,Set of 6 Stainless Steel Spoons,Rs.199,Rs.179,10% off,https://www.ajio.com/home-centre-set-of-6-stainless-steel-spoons/p/700191809_white
N/A,Hard Anodized Pan with Handle,Rs.729,Rs.729,0%,https://www.ajio.com/tuffwaire-hard-anodized-pan-with-handle/p/701517131_black
N/A,Stainless Steel Ghee Pot,Rs.299,Rs.269,10% off,https://www.ajio.com/home-centre-stainless-steel-ghee-pot/p/463215449_silver
N/A,Pack of 4 Stainless Knives & Spoons,"Rs.2,299","Rs.2,138",7% off,https://www.ajio.com/viners-pack-of-4-stainless-knives--spoons/p/701290746_silver
N/A,Stainless Steel Kitchen Knife,"Rs.1,099","Rs.1,022",7% off,https://www.ajio.com/viners-stainless-steel-kitchen-knife/p/701373635_silver
N/A,Non-Stick Flat Tawa ,"Rs.1,310","Rs.1,014",23% off,https://www.ajio.com/bergner-non-stick-flat-tawa-/p/466027737_red
N/A,"Vacuum Seal Air Tight Container, 2000 ml","Rs.2,675","Rs.2,053",23% off,https://www.ajio.com/meyer-vacuum-seal-air-tight-container-2000-ml/p/464987856_clear
N/A,6 Piece Raga 24 Karat Gold Plated Stainless Steel Tea Spoon Set,Rs.783,Rs.517,34% off,https://www.ajio.com/fns-6-piece-raga-24-karat-gold-plated-stainless-steel-tea-spoon-set/p/702260848_silver
N/A,Flexible Silicone Spatula Set ,Rs.859,Rs.223,74% off,https://www.ajio.com/baskety-flexible-silicone-spatula-set-/p/702829563_red
N/A,Set of 6 Stainless Steel Ice Cream Spoons,Rs.299,Rs.269,10% off,https://www.ajio.com/home-centre-set-of-6-stainless-steel-ice-cream-spoons/p/700325426_silver
N/A,Stainless Steel Lagdi with Stainless Steel Lid,"Rs.2,345","Rs.1,762",25% off,https://www.ajio.com/bergner-stainless-steel-lagdi-with-stainless-steel-lid/p/702019023_silver
N/A,Stella Tri-Ply Kadhai With Lid 28 ,"Rs.3,570","Rs.2,199",38% off,https://www.ajio.com/wonderchef-stella-tri-ply-kadhai-with-lid-28-/p/701504007_silver
N/A,Set of 2 Stainless Steel Pressure Cookers with Outer Lid,"Rs.3,365","Rs.2,464",27% off,https://www.ajio.com/bergner-set-of-2-stainless-steel-pressure-cookers-with-outer-lid/p/465619543_silver
N/A,Stainless Steel Tope with Lid,"Rs.3,125","Rs.2,280",27% off,https://www.ajio.com/bergner-stainless-steel-tope-with-lid/p/466027704_silver
N/A,Traditional Brass Frying Pan,"Rs.6,595","Rs.4,616",30% off,https://www.ajio.com/bergner-traditional-brass-frying-pan/p/702448831_gold
N/A, Stainless Steel 2 Pcs Tope Set  ,"Rs.1,695","Rs.1,501",11% off,https://www.ajio.com/bergner--stainless-steel-2-pcs-tope-set-/p/702024687_silver
N/A,Stainless Steel Wok with Glass Lid,"Rs.7,685","Rs.5,380",30% off,https://www.ajio.com/bergner-stainless-steel-wok-with-glass-lid/p/702030781_silver
N/A,Ferro Light Weight Roti Tawa 26 cm,"Rs.2,320","Rs.1,399",40% off,https://www.ajio.com/wonderchef-ferro-light-weight-roti-tawa-26-cm/p/701308391_black
N/A,Forza Pre-Seasoned Cast Iron Fry Pan 0.5L,Rs.790,Rs.649,18% off,https://www.ajio.com/wonderchef-forza-pre-seasoned-cast-iron-fry-pan-0-5l/p/467232524_black
N/A,Tripro Triply Stainless Steel 5 Pcs Cookware Set ,"Rs.6,989","Rs.3,019",57% off,https://www.ajio.com/bergner-tripro-triply-stainless-steel-5-pcs-cookware-set-/p/702019031_silver
N/A,Stainless Steel Frypan ,"Rs.2,995","Rs.2,062",31% off,https://www.ajio.com/bergner-stainless-steel-frypan-/p/702024677_silver
N/A,Stainless Steel pan with Lid,"Rs.4,245","Rs.3,056",28% off,https://www.ajio.com/bergner-stainless-steel-pan-with-lid/p/466027684_silver
N/A,Stainless Steel Double Wall Insulated Casserole with Lid,Rs.894,Rs.894,0%,https://www.ajio.com/nirlon-stainless-steel-double-wall-insulated-casserole-with-lid/p/700023463_silver
N/A, Stainless Steel 3 L Inner Lid Pressure Cooker  ,"Rs.3,995","Rs.2,139",46% off,https://www.ajio.com/bergner--stainless-steel-3-l-inner-lid-pressure-cooker-/p/702024723_silver
N/A,Nigella Tri-Ply Outer Lid Pressure Cooker ,"Rs.3,250","Rs.2,199",32% off,https://www.ajio.com/wonderchef-nigella-tri-ply-outer-lid-pressure-cooker-/p/701022522_silver
N/A,Pre-Seasoned Ferro Kadhai,"Rs.2,130","Rs.1,199",44% off,https://www.ajio.com/wonderchef-pre-seasoned-ferro-kadhai/p/700128576_black
N/A,Stainless Steel Kadhai with Lid,"Rs.3,745","Rs.2,735",27% off,https://www.ajio.com/bergner-stainless-steel-kadhai-with-lid/p/465682094_silver
N/A,Non-Stick Aluminium Kadai,"Rs.2,245","Rs.2,245",0%,https://www.ajio.com/nirlon-non-stick-aluminium-kadai/p/466372202_gold
N/A,Light-weight Cast-Iron Kadhai ,"Rs.1,720","Rs.1,099",36% off,https://www.ajio.com/wonderchef-light-weight-cast-iron-kadhai-/p/702641610_black
N/A,Taurus Hard Anodized Roti Tawa,Rs.930,Rs.599,36% off,https://www.ajio.com/wonderchef-taurus-hard-anodized-roti-tawa/p/702700793_black
N/A,Pre-Seasoned Ferro Kadhai,"Rs.2,530","Rs.1,599",37% off,https://www.ajio.com/wonderchef-pre-seasoned-ferro-kadhai/p/700128518_black
N/A,Stainless Steel  Lagdi with Stainless Steel Lid,"Rs.3,045","Rs.2,222",27% off,https://www.ajio.com/bergner-stainless-steel-lagdi-with-stainless-steel-lid/p/702019040_silver
N/A,Non-Stick Kadai with Handle,"Rs.2,245","Rs.2,245",0%,https://www.ajio.com/nirlon-non-stick-kadai-with-handle/p/466372209_black
N/A,Carbon Steel Pre-Seasoned Chinese Wok with Handle,"Rs.2,899","Rs.1,102",62% off,https://www.ajio.com/umai-carbon-steel-pre-seasoned-chinese-wok-with-handle/p/700252037_black
N/A,Non-Stick Frypan with Wooden Handle,"Rs.1,145",Rs.892,22% off,https://www.ajio.com/bergner-non-stick-frypan-with-wooden-handle/p/467014153_black
N/A,Non-Stick Cast Iron Frying Pan,"Rs.2,000","Rs.1,099",45% off,https://www.ajio.com/wonderchef-non-stick-cast-iron-frying-pan/p/701833925_black
N/A,Tri-Max Junior TriPly 1 Litre Pressure Cooker ,"Rs.3,345","Rs.2,441",27% off,https://www.ajio.com/bergner-tri-max-junior-triply-1-litre-pressure-cooker-/p/702019008_silver
N/A,Stainless Steel Peeler,Rs.395,Rs.355,10% off,https://www.ajio.com/bergner-stainless-steel-peeler/p/466033353_black
N/A,Golden Finish Frying Pan,"Rs.1,549",Rs.558,64% off,https://www.ajio.com/the-better-home-golden-finish-frying-pan/p/700237290_gold
